﻿<?xml version="1.0" encoding="UTF-8"?>
<rtgui version="1.0">
  <class>Page</class>
  <widget class="Page" name="page2">
    <widgets>
      <widget name="label1" class="label">
        <property name="rect">
          <x>53</x>
          <y>81</y>
          <width>395</width>
          <height>48</height>
        </property>
        <property name="align">
          <enum>RTGUI_ALIGN_CENTER_HORIZONTAL | RTGUI_ALIGN_CENTER_VERTICAL</enum>
        </property>
        <property name="text">
          <string>label1</string>
        </property>
      </widget>
      <widget name="textbox1" class="textbox" bindchange="onText">
        <property name="rect">
          <x>200</x>
          <y>161</y>
          <width>212</width>
          <height>25</height>
        </property>
        <property name="background">
          <a>255</a>
          <r>255</r>
          <g>255</g>
          <b>255</b>
        </property>
        <property name="keyboard">
          <string>keyboard/keyboard</string>
        </property>
      </widget>
      <widget name="label2" class="label">
        <property name="rect">
          <x>52</x>
          <y>163</y>
          <width>100</width>
          <height>22</height>
        </property>
        <property name="text">
          <string>password</string>
        </property>
      </widget>
      <widget name="button1" class="button" bindtap="onBtn">
        <property name="rect">
          <x>178</x>
          <y>209</y>
          <width>80</width>
          <height>30</height>
        </property>
        <property name="align">
          <enum>RTGUI_ALIGN_CENTER_HORIZONTAL | RTGUI_ALIGN_CENTER_VERTICAL</enum>
        </property>
        <property name="text">
          <string>确认</string>
        </property>
        <property name="norImg">
          <string>btn_nor.9.png</string>
        </property>
        <property name="downImg">
          <string>btn_sel.9.png</string>
        </property>
      </widget>
    </widgets>
  </widget>
</rtgui>